0,0,0,0,0,0,0,0,0,0,0,0,0,0,0,0,0,0,0,0,0,0,0,0,0
0,0,0,0,0,0,0,0,0,0,0,0,0,0,0,0,0,0,0,0,0,0,0,0,0
0,0,0,0,0,0,0,0,0,0,0,0,0,0,0,0,0,0,0,0,0,0,0,0,0
0,0,0,0,0,0,0,0,0,0,0,0,0,0,0,0,0,0,0,0,0,0,0,0,0
0,0,0,0,0,0,0,0,0,0,0,0,0,0,0,0,0,0,0,0,0,0,0,0,0
0,0,0,0,0,0,0,0,0,0,0,0,0,0,0,0,0,0,0,0,0,0,0,0,0
0,0,0,0,0,0,0,0,0,0,0,0,0,0,0,0,0,0,0,0,0,0,0,0,0
0,0,0,0,0,0,0,0,0,0,0,0,0,0,0,0,0,0,0,0,0,0,0,0,0
0,0,0,0,0,0,0,0,0,0,0,0,0,0,0,0,0,0,0,0,0,0,0,0,0
0,0,0,0,0,0,0,0,0,0,0,0,0,0,0,0,0,0,0,0,0,0,0,0,0
0,0,0,0,0,0,0,0,0,0,0,0,0,0,0,0,0,0,0,0,0,0,0,0,0
0,0,0,0,0,0,0,0,0,0,0,0,0,0,0,0,0,0,0,0,0,0,0,0,0
0,0,0,0,0,0,0,0,0,0,0,0,0,0,0,0,0,0,0,0,0,0,0,0,0
0,0,0,0,0,0,0,0,0,0,0,0,0,0,0,0,0,0,0,0,0,0,0,0,0
0,5,0,9,0,1,3,0,0,2,2,3,0,0,2,1,2,3,7,2,4,2,0,3,0
0,2,3,8,0,4,3,8,0,9,6,6,4,0,1,3,6,6,4,4,4,2,5,15,0
0,8,11,15,0,11,12,16,0,5,11,2,4,1,4,0,6,0,3,3,2,2,3,9,0
0,7,13,22,0,15,14,15,0,11,8,6,11,7,5,5,1,3,4,6,5,6,5,9,0
0,13,8,17,0,13,14,13,0,9,6,6,3,5,8,2,12,1,8,2,3,5,6,9,0
0,5,5,20,0,16,14,17,0,6,12,5,10,9,7,9,9,6,8,8,4,7,5,6,0
0,11,6,13,0,11,20,20,0,13,12,8,4,5,10,7,12,9,7,6,4,10,2,0,0
0,11,15,18,0,14,22,21,0,6,10,8,10,10,13,0,15,10,6,6,3,11,0,0,0
0,18,12,21,0,15,17,14,0,5,7,11,8,8,12,8,13,7,12,9,1,10,2,0,0
0,15,5,9,0,15,12,22,0,10,12,9,13,8,14,2,0,6,3,5,7,6,5,0,0
0,14,8,16,0,16,14,16,0,6,13,12,11,5,0,4,0,0,8,0,2,12,3,0,0
0,7,8,15,0,19,14,27,0,7,13,5,9,8,0,7,0,0,6,0,9,3,1,0,0
0,26,13,15,0,14,19,11,0,8,14,8,8,6,0,3,0,0,0,0,7,0,7,0,0
0,16,18,17,0,22,23,23,0,6,0,9,13,4,0,1,0,0,0,0,2,0,7,0,0
0,17,11,27,0,31,13,11,0,7,0,12,6,0,0,0,0,0,0,0,8,0,5,0,0
0,8,11,19,0,20,26,0,0,12,0,10,17,0,0,0,0,0,0,0,6,0,0,0,0
0,11,16,19,0,11,17,0,0,11,0,4,12,0,0,0,0,0,0,0,4,0,0,0,0
0,10,12,25,0,16,19,0,0,5,0,11,5,0,0,0,0,0,0,0,7,0,0,44,0
0,16,7,16,0,16,26,0,0,7,0,6,0,0,0,0,0,0,0,0,5,0,0,0,0
0,13,11,20,0,20,21,0,0,5,0,8,0,0,0,0,0,0,0,0,4,0,0,0,0
0,8,6,10,0,11,14,0,0,3,0,6,0,0,0,0,62,0,0,0,3,0,0,0,0
0,12,5,18,0,6,10,0,0,5,0,6,0,0,61,0,0,44,0,45,4,0,0,0,0
0,9,5,17,0,10,19,0,0,4,0,9,0,0,0,0,0,0,0,0,6,0,0,0,0
0,13,11,17,0,17,15,0,0,7,0,14,0,0,0,0,0,0,50,0,9,72,0,0,0
0,9,8,20,0,20,8,0,0,9,111,9,0,0,0,0,0,0,0,0,4,0,0,0,0
0,16,14,15,0,27,20,0,0,6,0,9,0,71,0,49,0,0,0,0,10,0,0,0,0
0,17,13,28,0,35,17,11,0,11,0,11,0,0,0,0,0,0,0,0,5,0,13,0,0
0,21,10,0,0,18,17,0,0,12,0,7,0,0,0,0,0,0,0,0,6,0,0,0,0
0,14,10,0,2,15,16,0,0,5,0,13,0,0,0,0,0,0,0,0,3,0,0,0,0
0,14,19,0,6,22,14,0,0,7,0,17,6,0,0,0,0,0,0,0,6,0,0,6,0
0,19,18,0,11,11,9,0,0,11,0,0,0,0,0,0,0,0,0,0,5,0,0,0,0
0,13,15,0,10,13,19,0,0,3,0,0,0,0,0,0,0,0,0,0,3,0,0,0,0
0,14,9,0,12,21,14,0,0,7,0,0,0,0,0,0,13,0,0,0,6,0,0,0,0
0,20,14,0,21,21,17,0,0,8,0,0,0,0,14,0,0,6,0,5,0,0,0,0,0
0,17,10,0,19,18,15,0,0,11,0,0,0,0,0,0,0,0,0,0,8,0,0,0,0
0,9,7,0,22,13,20,0,0,13,0,0,0,0,0,0,0,0,0,0,9,3,0,0,0
0,17,22,0,19,0,17,0,0,13,14,0,0,0,0,0,0,0,0,0,3,0,0,0,0
0,17,12,0,30,0,19,0,0,2,0,0,0,4,0,1,0,0,0,0,6,0,0,0,0
0,23,14,2,41,0,27,0,0,7,0,0,0,0,0,0,0,0,0,0,7,0,0,0,0
0,23,15,0,0,0,27,0,0,9,0,0,0,0,0,0,0,0,0,0,5,0,0,0,0
0,22,13,0,0,0,18,0,0,7,0,0,0,0,0,0,0,0,0,0,5,0,0,0,0
0,14,9,0,0,0,18,0,0,5,0,1,0,0,0,0,0,0,0,0,3,0,0,44,0
0,18,17,0,0,0,11,0,0,11,0,0,0,0,0,0,0,0,0,0,7,0,0,0,0
0,8,16,0,0,0,23,0,0,11,0,0,0,0,0,0,0,0,0,0,8,0,0,0,0
0,12,15,0,0,0,11,0,0,3,0,0,0,0,0,0,62,0,0,0,3,0,0,0,0
0,17,16,0,0,0,13,0,0,5,0,0,0,0,61,0,0,44,0,45,10,0,0,0,0
0,22,11,0,0,0,13,0,0,9,0,0,0,0,0,0,0,0,0,0,7,0,0,0,0
0,12,15,0,0,11,18,0,0,3,0,0,0,0,0,0,0,0,0,0,0,72,0,0,0
0,14,12,0,0,0,19,0,0,8,111,0,0,0,0,0,0,0,0,0,0,0,0,0,0
0,12,2,0,0,0,21,0,0,10,0,0,0,71,0,49,0,0,0,0,0,0,0,0,0
0,13,12,0,0,0,11,0,0,12,0,0,0,0,0,0,0,0,0,0,0,0,0,0,0
0,9,20,0,0,0,12,0,0,6,0,0,0,0,0,0,0,0,0,0,0,0,0,0,0
0,13,6,0,0,0,5,0,0,4,0,0,0,0,0,0,0,0,0,0,0,0,0,0,0
0,22,6,0,0,0,21,0,0,2,0,0,0,0,0,0,0,0,0,0,0,0,0,6,0
0,18,8,0,0,0,11,0,0,8,0,0,0,0,0,0,0,0,0,0,0,0,0,0,0
0,13,6,0,0,0,20,0,0,10,0,0,0,0,0,0,0,0,0,0,0,0,0,0,0
0,18,14,0,0,0,20,0,0,15,0,0,0,0,0,0,13,0,0,0,0,0,0,0,0
0,20,16,0,0,0,23,0,0,8,0,0,0,0,14,0,0,6,0,5,0,0,0,0,0
0,27,13,0,0,0,16,0,0,11,0,0,0,0,0,0,0,0,0,0,3,0,0,0,0
0,24,21,0,0,0,18,0,0,3,0,0,0,0,0,0,0,0,0,0,0,3,0,0,0
0,14,9,0,0,0,23,0,0,8,14,0,0,0,0,0,0,0,0,0,0,0,0,0,0
0,17,11,0,0,0,19,0,0,5,0,0,0,4,0,1,0,0,0,0,0,0,0,0,0
0,16,9,0,151,0,18,0,0,8,0,0,0,0,0,0,0,0,0,0,0,0,0,0,0
0,15,11,0,0,0,18,0,0,11,0,0,0,0,0,0,0,0,0,0,0,0,0,0,0
0,16,6,0,0,0,16,0,0,5,0,0,0,0,0,0,0,0,0,0,0,0,0,0,0
0,23,8,0,0,0,16,0,0,3,0,0,0,0,0,0,0,0,0,0,0,0,0,44,0
0,12,5,0,0,0,20,0,0,5,0,0,0,0,0,0,0,0,0,0,0,0,0,0,0
0,12,14,0,0,0,16,0,0,14,0,0,0,0,0,0,0,0,0,0,0,0,0,0,0
0,7,9,0,0,0,23,0,0,10,0,0,0,0,0,0,62,0,0,0,0,0,0,0,0
0,12,10,0,0,0,12,0,0,5,0,0,0,0,61,0,0,44,0,45,0,0,0,0,0
0,15,7,0,0,0,9,0,0,9,0,0,0,0,0,0,0,0,0,0,0,0,0,0,0
0,9,7,0,0,0,15,0,0,6,0,0,0,0,0,0,0,0,0,0,0,72,0,0,0
0,6,12,0,0,0,17,0,0,10,111,0,0,0,0,0,0,0,0,0,0,0,0,0,0
0,17,13,0,0,0,11,0,0,10,0,0,0,71,0,49,0,0,0,0,0,0,0,0,0
0,8,14,0,0,0,13,0,0,10,0,0,0,0,0,0,0,0,0,0,0,0,0,0,0
0,21,5,0,0,0,7,0,0,3,0,0,0,0,0,0,0,0,0,0,0,0,0,0,0
0,10,9,0,0,0,21,0,0,8,0,0,0,0,0,0,0,0,0,0,0,0,0,0,0
0,10,10,0,0,0,10,0,0,8,0,0,0,0,0,0,0,0,0,0,0,0,0,6,0
0,12,14,0,0,0,7,0,0,7,0,0,0,0,0,0,0,0,0,0,0,0,0,0,0
0,15,11,0,0,0,22,0,0,13,0,0,0,0,0,0,0,0,0,0,0,0,0,0,0
0,15,10,0,0,0,13,0,0,8,0,0,0,0,0,0,13,0,0,0,0,0,0,0,0
0,11,21,0,0,0,9,0,0,9,0,0,0,0,14,0,0,6,0,5,0,0,0,0,0
0,12,6,0,0,0,12,0,0,15,0,0,0,0,0,0,0,0,0,0,0,0,0,0,0
0,9,7,0,0,0,24,0,0,14,0,0,0,0,0,0,0,0,0,0,0,3,0,0,0
0,11,8,0,0,0,18,0,0,10,14,0,0,0,0,0,0,0,0,0,0,0,0,0,0
0,11,13,0,0,0,13,0,0,6,0,0,0,4,0,1,0,0,0,0,0,0,0,0,0
0,28,17,0,41,0,20,0,0,9,0,0,0,0,0,0,0,0,0,0,0,0,0,0,0
0,17,16,0,0,0,29,0,0,7,0,0,0,0,0,0,0,0,0,0,0,0,0,0,0
0,8,3,0,0,0,9,0,0,6,0,0,0,0,0,0,0,0,0,0,0,0,0,0,0
0,15,6,0,0,0,15,0,0,18,0,0,0,0,0,0,0,0,0,0,0,0,0,44,0
0,17,8,0,0,0,14,0,0,9,0,0,0,0,0,0,0,0,0,0,0,0,0,0,0
0,24,14,0,0,0,13,0,0,9,0,0,0,0,0,0,0,0,0,0,0,0,0,0,0
0,18,4,0,0,0,24,0,0,9,0,0,0,0,0,0,62,0,0,0,0,0,0,0,0
0,9,5,0,0,0,13,0,0,7,0,0,0,0,61,0,0,44,0,45,0,0,0,0,0
0,12,5,0,0,0,16,0,0,4,0,0,0,0,0,0,0,0,0,0,0,0,0,0,0
0,13,11,0,0,0,16,0,0,5,0,0,0,0,0,0,0,0,0,0,0,72,0,0,0
0,14,11,0,0,0,10,0,0,5,111,0,0,0,0,0,0,0,0,0,0,0,0,0,0
0,16,9,0,0,0,15,0,0,10,0,0,0,71,0,49,0,0,0,0,0,0,0,0,0
0,15,14,0,0,0,22,0,0,9,0,0,0,0,0,0,0,0,0,0,0,0,0,0,0
0,17,16,0,0,0,20,0,0,9,0,0,0,0,0,0,0,0,0,0,0,0,0,0,0
0,10,15,0,0,0,20,0,0,7,0,0,0,0,0,0,0,0,0,0,0,0,0,0,0
0,22,5,0,0,0,16,0,0,3,0,0,0,0,0,0,0,0,0,0,0,0,0,6,0
0,16,9,0,0,0,13,0,0,2,0,0,0,0,0,0,0,0,0,0,0,0,0,0,0
0,14,6,0,0,0,16,0,0,7,0,0,0,0,0,0,0,0,0,0,0,0,0,0,0
0,6,12,0,0,0,17,0,0,9,0,0,0,0,0,0,13,0,0,0,0,0,0,0,0
0,15,8,0,0,0,6,0,0,10,0,0,0,0,14,0,0,6,0,5,0,0,0,0,0
0,10,9,0,0,0,21,0,0,9,0,0,0,0,0,0,0,0,0,0,0,0,0,0,0
0,14,10,0,0,0,13,0,0,13,0,0,0,0,0,0,0,0,0,0,0,3,0,0,0
0,12,15,0,0,0,23,0,0,9,14,0,0,0,0,0,0,0,0,0,0,0,0,0,0
0,20,15,0,0,0,20,0,0,6,0,0,0,4,0,1,0,0,0,0,0,0,0,0,0
0,15,9,0,151,0,19,0,0,6,0,0,0,0,0,0,0,0,0,0,0,0,0,0,0
0,14,10,0,0,0,15,0,0,8,0,0,0,0,0,0,0,0,0,0,0,0,0,0,0
0,13,7,0,0,0,19,0,0,6,0,0,0,0,0,0,0,0,0,0,0,0,0,0,0
0,14,16,0,0,0,17,0,0,3,0,0,0,0,0,0,0,0,0,0,0,0,0,44,0
0,16,9,0,0,0,10,0,0,5,0,0,0,0,0,0,0,0,0,0,0,0,0,0,0
0,11,3,0,0,0,18,0,0,5,0,0,0,0,0,0,0,0,0,0,0,0,0,0,0
0,10,10,0,0,0,17,0,0,6,0,0,0,0,0,0,62,0,0,0,0,0,0,0,0
0,7,8,0,0,0,10,0,0,14,0,0,0,0,61,0,0,44,0,45,0,0,0,0,0
0,12,9,0,0,0,6,0,0,9,0,0,0,0,0,0,0,0,0,0,0,0,0,0,0
0,16,9,0,0,0,19,0,0,10,0,0,0,0,0,0,0,0,0,0,0,72,0,0,0
0,10,8,0,0,0,21,0,0,11,111,0,0,0,0,0,0,0,0,0,0,0,0,0,0
0,12,17,0,0,0,14,0,0,6,0,0,0,71,0,49,0,0,0,0,0,0,0,0,0
0,15,9,0,0,0,14,0,0,13,0,0,0,0,0,0,0,0,0,0,0,0,0,0,0
0,21,12,0,0,0,25,0,0,6,0,0,0,0,0,0,0,0,0,0,0,0,0,0,0
0,13,18,0,0,0,23,0,0,10,0,0,0,0,0,0,0,0,0,0,0,0,0,0,0
0,14,11,0,0,0,13,0,0,6,0,0,0,0,0,0,0,0,0,0,0,0,0,6,0
0,16,7,0,0,0,17,0,0,5,0,0,0,0,0,0,0,0,0,0,0,0,0,0,0
0,12,5,0,0,0,13,0,0,5,0,0,0,0,0,0,0,0,0,0,0,0,0,0,0
0,17,7,0,0,0,17,0,0,10,0,0,0,0,0,0,13,0,0,0,0,0,0,0,0
0,12,17,0,0,0,18,0,0,14,0,0,0,0,14,0,0,6,0,5,0,0,0,0,0
0,16,12,0,0,0,13,0,0,9,0,0,0,0,0,0,0,0,0,0,0,0,0,0,0
0,17,14,0,0,0,13,0,0,5,0,0,0,0,0,0,0,0,0,0,0,3,0,0,0
0,20,11,0,0,0,14,0,0,10,14,0,0,0,0,0,0,0,0,0,0,0,0,0,0
0,10,6,0,0,0,23,0,0,11,0,0,0,4,0,1,0,0,0,0,0,0,0,0,0
0,21,18,0,41,0,15,0,0,7,0,0,0,0,0,0,0,0,0,0,0,0,0,0,0
0,12,17,0,0,0,25,0,0,6,0,0,0,0,0,0,0,0,0,0,0,0,0,0,0
0,14,12,0,0,0,22,0,0,10,0,0,0,0,0,0,0,0,0,0,0,0,0,0,0
0,16,12,0,0,0,31,0,0,10,0,0,0,0,0,0,0,0,0,0,0,0,0,44,0
0,17,9,0,0,0,27,0,0,9,0,0,0,0,0,0,0,0,0,0,0,0,0,0,0
0,28,24,0,0,0,20,0,0,12,0,0,0,0,0,0,0,0,0,0,0,0,0,0,0
0,17,7,0,0,0,0,0,0,12,0,0,0,0,0,0,62,0,0,0,0,0,0,0,0
0,13,3,0,0,0,0,0,0,8,0,0,0,0,61,0,0,44,0,45,0,0,0,0,0
0,14,8,0,0,0,0,0,0,4,0,0,0,0,0,0,0,0,0,0,0,0,0,0,0
0,18,8,0,0,0,0,0,0,9,0,0,0,0,0,0,0,0,0,0,0,72,0,0,0
0,12,11,0,0,0,0,0,0,12,111,0,0,0,0,0,0,0,0,0,0,0,0,0,0
0,12,15,0,0,0,0,0,0,5,0,0,0,71,0,49,0,0,0,0,0,0,0,0,0
0,14,1,0,0,0,0,0,0,2,0,0,0,0,0,0,0,0,0,0,0,0,0,0,0
0,12,5,0,0,0,0,0,0,8,0,0,0,0,0,0,0,0,0,0,0,0,0,0,0
0,20,10,0,0,0,0,0,0,12,0,0,0,0,0,0,0,0,0,0,0,0,0,0,0
0,18,7,0,0,0,0,0,0,15,0,0,0,0,0,0,0,0,0,0,0,0,0,6,0
0,11,15,0,0,0,0,0,0,7,0,0,0,0,0,0,0,0,0,0,0,0,0,0,0
0,15,9,0,0,0,6,0,0,10,0,0,0,0,0,0,0,0,0,0,0,0,0,0,0
0,12,10,0,0,0,0,0,0,4,0,0,0,0,0,0,13,0,0,0,0,0,0,0,0
0,24,6,0,0,0,0,0,0,12,0,0,0,0,14,0,0,6,0,5,0,0,0,0,0
0,17,11,0,0,0,0,0,0,11,0,0,0,0,0,0,0,0,0,0,0,0,0,0,0
0,14,15,0,0,0,0,0,0,5,0,0,0,0,0,0,0,0,0,0,0,3,0,0,0
0,12,4,0,0,0,0,0,0,6,14,0,0,0,0,0,0,0,0,0,0,0,0,0,0
0,17,8,0,0,0,0,0,0,8,0,0,0,4,0,1,0,0,0,0,0,0,0,0,0
0,10,8,0,151,0,0,0,0,10,0,0,0,0,0,0,0,0,0,0,0,0,0,0,0
0,19,10,0,0,0,0,0,0,13,0,0,0,0,0,0,0,0,0,0,0,0,0,0,0
0,15,9,0,0,0,0,0,0,6,0,0,0,0,0,0,0,0,0,0,0,0,0,0,0
0,20,7,0,0,0,0,0,0,9,0,0,0,0,0,0,0,0,0,0,0,0,0,44,0
0,11,11,0,0,0,0,0,0,8,0,0,0,0,0,0,0,0,0,0,0,0,0,0,0
0,19,18,0,0,0,0,0,0,9,0,0,0,0,0,0,0,0,0,0,0,0,0,0,0
0,11,15,0,0,0,0,0,0,9,0,0,0,0,0,0,62,0,0,0,0,0,0,0,0
0,16,15,0,0,0,0,0,0,10,0,0,0,0,61,0,0,44,0,45,0,0,0,0,0
0,18,21,0,0,0,0,0,0,12,0,0,0,0,0,0,0,0,0,0,0,0,0,0,0
0,24,15,0,0,0,0,0,0,8,0,0,0,0,0,0,0,0,0,0,0,72,0,0,0
0,15,21,0,0,0,0,0,0,8,111,0,0,0,0,0,0,0,0,0,0,0,0,0,0
0,26,10,0,0,0,0,0,0,7,0,0,0,71,0,49,0,0,0,0,0,0,0,0,0
0,18,8,0,0,0,0,0,0,7,0,0,0,0,0,0,0,0,0,0,0,0,0,0,0
0,5,2,0,0,0,0,0,0,5,0,0,0,0,0,0,0,0,0,0,0,0,0,0,0
0,17,8,0,0,0,0,0,0,11,0,0,0,0,0,0,0,0,0,0,0,0,0,0,0
0,10,8,0,0,0,0,0,0,6,0,0,0,0,0,0,0,0,0,0,0,0,0,6,0
0,19,13,0,0,0,0,0,0,9,0,0,0,0,0,0,0,0,0,0,0,0,0,0,0
0,18,15,0,0,0,0,0,0,7,0,0,0,0,0,0,0,0,0,0,0,0,0,0,0
0,14,22,0,0,0,0,0,0,8,0,0,0,0,0,0,13,0,0,0,0,0,0,0,0
0,12,16,0,0,0,0,0,0,8,0,0,0,0,14,0,0,6,0,5,0,0,0,0,0
0,23,20,0,0,0,0,0,0,13,0,0,0,0,0,0,0,0,0,0,0,0,0,0,0
0,24,14,0,0,0,0,0,0,1,0,0,0,0,0,0,0,0,0,0,0,3,0,0,0
0,18,12,0,0,0,0,0,0,6,14,0,0,0,0,0,0,0,0,0,0,0,0,0,0
0,14,8,0,0,0,0,0,0,7,0,0,0,4,0,1,0,0,0,0,0,0,0,0,0
0,11,4,0,41,0,0,0,0,12,0,0,0,0,0,0,0,0,0,0,0,0,0,0,0
0,14,9,0,0,0,0,0,0,11,0,0,0,0,0,0,0,0,0,0,0,0,0,0,0
0,13,13,0,0,0,0,0,0,9,0,0,0,0,0,0,0,0,0,0,0,0,0,0,0
0,24,16,0,0,0,0,0,0,9,0,0,0,0,0,0,0,0,0,0,0,0,0,44,0
0,19,16,0,0,0,0,0,0,7,0,0,0,0,0,0,0,0,0,0,0,0,0,0,0
0,21,18,0,0,0,0,0,0,9,0,0,0,0,0,0,0,0,0,0,0,0,0,0,0
0,14,12,0,0,0,0,0,0,14,0,0,0,0,0,0,62,0,0,0,0,0,0,0,0
0,16,19,0,0,0,0,0,0,8,0,0,0,0,61,0,0,44,0,45,0,0,0,0,0
0,12,12,0,0,0,0,0,0,7,0,0,0,0,0,0,0,0,0,0,0,0,0,0,0
0,19,10,0,0,0,0,0,0,6,0,0,0,0,0,0,0,0,0,0,0,72,0,0,0
0,17,5,0,0,0,0,0,0,5,111,0,0,0,0,0,0,0,0,0,0,0,0,0,0
0,12,11,0,0,0,0,0,0,8,0,0,0,71,0,49,0,0,0,0,0,0,0,0,0
0,13,10,0,0,0,0,0,0,6,0,0,0,0,0,0,0,0,0,0,0,0,0,0,0
0,20,15,0,0,0,0,0,0,7,0,0,0,0,0,0,0,0,0,0,0,0,0,0,0
0,26,13,0,0,0,0,0,0,16,0,0,0,0,0,0,0,0,0,0,0,0,0,0,0
0,19,7,0,0,0,0,0,0,6,0,0,0,0,0,0,0,0,0,0,0,0,0,6,0
0,14,12,0,0,0,0,0,0,8,0,0,0,0,0,0,0,0,0,0,0,0,0,0,0
0,22,12,0,0,0,0,0,0,6,0,0,0,0,0,0,0,0,0,0,0,0,0,0,0
0,26,15,0,0,0,0,0,0,12,0,0,0,0,0,0,13,0,0,0,0,0,0,0,0
0,15,14,0,0,0,0,0,0,5,0,0,0,0,14,0,0,6,0,5,0,0,0,0,0
0,22,14,0,0,0,0,0,0,6,0,0,0,0,0,0,0,0,0,0,0,0,0,0,0
0,13,8,0,0,0,0,0,0,16,0,0,0,0,0,0,0,0,0,0,0,3,0,0,0
0,25,11,0,0,0,0,0,0,9,14,0,0,0,0,0,0,0,0,0,0,0,0,0,0
0,18,12,0,0,0,0,0,0,8,0,0,0,4,0,1,0,0,0,0,0,0,0,0,0
0,15,5,0,151,0,0,0,0,1,0,0,0,0,0,0,0,0,0,0,0,0,0,0,0
0,12,10,0,0,0,0,0,0,3,0,0,0,0,0,0,0,0,0,0,0,0,0,0,0
0,16,4,0,0,0,0,0,0,3,0,0,0,0,0,0,0,0,0,0,0,0,0,0,0
0,14,4,0,0,0,0,0,0,4,0,0,0,0,0,0,0,0,0,0,0,0,0,44,0
0,8,13,0,0,0,0,0,0,9,0,0,0,0,0,0,0,0,0,0,0,0,0,0,0
0,17,9,0,0,0,0,0,0,7,0,0,0,0,0,0,0,0,0,0,0,0,0,0,0
0,21,6,0,0,0,0,0,0,9,0,0,0,0,0,0,62,0,0,0,0,0,0,0,0
0,11,11,0,0,0,0,0,0,9,0,0,0,0,61,0,0,44,0,45,0,0,0,0,0
0,14,11,0,0,0,0,0,0,8,0,0,0,0,0,0,0,0,0,0,0,0,0,0,0
0,25,15,0,0,0,0,0,0,7,0,0,0,0,0,0,0,0,0,0,0,72,0,0,0
0,18,10,0,0,0,0,0,0,5,111,0,0,0,0,0,0,0,0,0,0,0,0,0,0
0,15,7,0,0,0,0,0,0,15,0,0,0,71,0,49,0,0,0,0,0,0,0,0,0
0,9,11,0,0,0,0,0,0,8,0,0,0,0,0,0,0,0,0,0,0,0,0,0,0
0,6,10,0,0,0,0,0,0,15,0,0,0,0,0,0,0,0,0,0,0,0,0,0,0
0,13,10,0,0,0,0,0,0,10,0,0,0,0,0,0,0,0,0,0,0,0,0,0,0
0,13,15,0,0,0,0,0,0,10,0,0,0,0,0,0,0,0,0,0,0,0,0,6,0
0,13,14,0,0,0,0,0,0,22,0,0,0,0,0,0,0,0,0,0,0,0,0,0,0
0,23,10,0,0,0,0,0,0,7,0,0,0,0,0,0,0,0,0,0,0,0,0,0,0
0,21,14,0,0,0,0,0,0,5,0,0,0,0,0,0,13,0,0,0,0,0,0,0,0
0,20,10,0,0,0,0,0,0,4,0,0,0,0,14,0,0,6,0,5,0,0,0,0,0
0,26,10,0,0,0,0,0,0,9,0,0,0,0,0,0,0,0,0,0,0,0,0,0,0
0,14,11,0,0,0,0,0,0,4,0,0,0,0,0,0,0,0,0,0,0,3,0,0,0
0,16,6,0,0,0,0,0,0,4,14,0,0,0,0,0,0,0,0,0,0,0,0,0,0
0,12,9,0,0,0,0,0,0,6,0,0,0,4,0,1,0,0,0,0,0,0,0,0,0
0,16,6,0,41,0,0,0,0,5,0,0,0,0,0,0,0,0,0,0,0,0,0,0,0
0,22,13,0,0,0,0,0,0,4,0,0,0,0,0,0,0,0,0,0,0,0,0,0,0
0,10,11,0,0,0,0,0,0,7,0,0,0,0,0,0,0,0,0,0,0,0,0,0,0
0,14,9,0,0,0,0,0,0,7,0,0,0,0,0,0,0,0,0,0,0,0,0,44,0
0,12,8,0,0,0,0,0,0,17,0,0,0,0,0,0,0,0,0,0,0,0,0,0,0
0,25,27,0,0,0,0,0,0,7,0,0,0,0,0,0,0,0,0,0,0,0,0,0,0
0,18,14,0,0,0,0,0,0,17,0,0,0,0,0,0,62,0,0,0,0,0,0,0,0
0,21,19,0,0,0,0,0,0,15,0,0,0,0,61,0,0,44,0,45,0,0,0,0,0
0,23,10,0,0,0,0,0,0,5,0,0,0,0,0,0,0,0,0,0,0,0,0,0,0
0,20,14,0,0,0,0,0,0,8,0,0,0,0,0,0,0,0,0,0,0,72,0,0,0
0,21,9,0,0,0,0,0,0,7,111,0,0,0,0,0,0,0,0,0,0,0,0,0,0
0,22,8,0,0,0,0,0,0,7,0,0,0,71,0,49,0,0,0,0,0,0,0,0,0
0,21,20,0,0,0,0,0,0,15,0,0,0,0,0,0,0,0,0,0,0,0,0,0,0
0,11,12,0,0,0,0,0,0,13,0,0,0,0,0,0,0,0,0,0,0,0,0,0,0
0,15,13,0,0,0,0,0,0,4,0,0,0,0,0,0,0,0,0,0,0,0,0,0,0
0,12,4,0,0,0,0,0,0,9,0,0,0,0,0,0,0,0,0,0,0,0,0,6,0
0,13,7,0,0,0,0,0,0,6,0,0,0,0,0,0,0,0,0,0,0,0,0,0,0
0,8,12,0,0,0,0,0,0,2,0,0,0,0,0,0,0,0,0,0,0,0,0,0,0
0,8,7,0,0,0,0,0,0,5,0,0,0,0,0,0,13,0,0,0,0,0,0,0,0
0,20,3,0,0,0,0,0,0,10,0,0,0,0,14,0,0,6,0,5,0,0,0,0,0
0,19,9,0,0,0,0,0,0,11,0,0,0,0,0,0,0,0,0,0,0,0,0,0,0
0,8,16,0,0,0,0,0,0,14,0,0,0,0,0,0,0,0,0,0,0,3,0,0,0
0,10,12,0,0,0,0,0,0,15,14,0,0,0,0,0,0,0,0,0,0,0,0,0,0
0,16,15,0,0,0,0,0,0,9,0,0,0,4,0,1,0,0,0,0,0,0,0,0,0
0,22,9,0,151,0,0,0,0,12,0,0,0,0,0,0,0,0,0,0,0,0,0,0,0
0,17,11,0,0,0,0,0,0,18,0,0,0,0,0,0,0,0,0,0,0,0,0,0,0
0,18,22,0,0,0,0,0,0,4,0,0,0,0,0,0,0,0,0,0,0,0,0,0,0
0,21,21,0,0,0,0,0,0,7,0,0,0,0,0,0,0,0,0,0,0,0,0,44,0
0,14,7,0,0,0,0,0,0,8,0,0,0,0,0,0,0,0,0,0,0,0,0,0,0
0,9,5,0,0,0,0,0,0,10,0,0,0,0,0,0,0,0,0,0,0,0,0,0,0
0,18,18,0,0,0,0,0,0,9,0,0,0,0,0,0,62,0,0,0,0,0,0,0,0
0,18,9,0,0,0,0,0,0,6,0,0,0,0,61,0,0,44,0,45,0,0,0,0,0
0,18,18,0,0,0,0,0,0,1,0,0,0,0,0,0,0,0,0,0,0,0,0,0,0
0,23,15,0,0,0,0,0,0,4,0,0,0,0,0,0,0,0,0,0,0,72,0,0,0
0,16,12,0,0,0,0,0,0,15,111,0,0,0,0,0,0,0,0,0,0,0,0,0,0
0,13,9,0,0,0,0,0,0,7,0,0,0,71,0,49,0,0,0,0,0,0,0,0,0
0,13,7,0,0,0,0,0,0,4,0,0,0,0,0,0,0,0,0,0,0,0,0,0,0
0,17,6,0,0,0,0,0,0,10,0,0,0,0,0,0,0,0,0,0,0,0,0,0,0
0,10,11,0,0,0,0,0,0,7,0,0,0,0,0,0,0,0,0,0,0,0,0,0,0
0,19,8,0,0,0,0,0,0,6,0,0,0,0,0,0,0,0,0,0,0,0,0,6,0
0,10,14,0,0,0,0,0,0,11,0,0,0,0,0,0,0,0,0,0,0,0,0,0,0
0,11,10,0,0,0,0,0,0,4,0,0,0,0,0,0,0,0,0,0,0,0,0,0,0
0,11,16,0,0,0,0,0,0,5,0,0,0,0,0,0,13,0,0,0,0,0,0,0,0
0,20,8,0,0,0,0,0,0,17,0,0,0,0,14,0,0,6,0,5,0,0,0,0,0
0,11,15,0,0,0,0,0,0,9,0,0,0,0,0,0,0,0,0,0,0,0,0,0,0
0,13,19,0,0,0,0,0,0,4,0,0,0,0,0,0,0,0,0,0,0,3,0,0,0
0,17,12,0,0,0,0,0,0,4,14,0,0,0,0,0,0,0,0,0,0,0,0,0,0
0,10,8,0,0,0,0,0,0,4,0,0,0,4,0,1,0,0,0,0,0,0,0,0,0
0,3,6,0,41,0,0,0,0,4,0,0,0,0,0,0,0,0,0,0,0,0,0,0,0
0,6,11,0,0,0,0,0,0,8,0,0,0,0,0,0,0,0,0,0,0,0,0,0,0
0,17,14,0,0,0,0,0,0,4,0,0,0,0,0,0,0,0,0,0,0,0,0,0,0
0,8,11,0,0,0,0,0,0,5,0,0,0,0,0,0,0,0,0,0,0,0,0,44,0
0,13,7,0,0,0,0,0,0,9,0,0,0,0,0,0,0,0,0,0,0,0,0,0,0
0,25,18,0,0,0,0,0,0,6,0,0,0,0,0,0,0,0,0,0,0,0,0,0,0
0,19,9,0,0,0,0,0,0,12,0,0,0,0,0,0,62,0,0,0,0,0,0,0,0
0,18,9,0,0,0,0,0,0,4,0,0,0,0,61,0,0,44,0,45,0,0,0,0,0
0,23,9,0,0,0,0,0,0,9,0,0,0,0,0,0,0,0,0,0,0,0,0,0,0
0,15,18,0,0,0,0,0,0,8,0,0,0,0,0,0,0,0,0,0,0,72,0,0,0
0,6,11,0,0,0,0,0,0,6,111,0,0,0,0,0,0,0,0,0,0,0,0,0,0
0,17,12,0,0,0,0,0,0,6,0,0,0,71,0,49,0,0,0,0,0,0,0,0,0
0,20,6,0,0,0,0,0,0,11,0,0,0,0,0,0,0,0,0,0,0,0,0,0,0
0,18,20,0,0,0,0,0,0,9,0,0,0,0,0,0,0,0,0,0,0,0,0,0,0
0,19,22,0,0,0,0,0,0,8,0,0,0,0,0,0,0,0,0,0,0,0,0,0,0
0,16,13,0,0,0,0,0,0,8,0,0,0,0,0,0,0,0,0,0,0,0,0,6,0
0,19,18,0,0,0,0,0,0,8,0,0,0,0,0,0,0,0,0,0,0,0,0,0,0
0,21,12,0,0,0,0,0,0,1,0,0,0,0,0,0,0,0,0,0,0,0,0,0,0
0,16,12,0,0,0,0,0,0,10,0,0,0,0,0,0,13,0,0,0,0,0,0,0,0
0,10,9,0,0,0,0,0,0,8,0,0,0,0,14,0,0,6,0,5,0,0,0,0,0
0,14,12,0,0,0,0,0,0,9,0,0,0,0,0,0,0,0,0,0,0,0,0,0,0
0,16,15,0,0,0,0,0,0,12,0,0,0,0,0,0,0,0,0,0,0,3,0,0,0
0,14,12,0,0,0,0,0,0,4,14,0,0,0,0,0,0,0,0,0,0,0,0,0,0
0,16,20,0,0,0,0,0,0,4,0,0,0,4,0,1,0,0,0,0,0,0,0,0,0
0,14,7,0,151,0,0,0,0,12,0,0,0,0,0,0,0,0,0,0,0,0,0,0,0
0,19,13,0,0,0,0,0,0,9,0,0,0,0,0,0,0,0,0,0,0,0,0,0,0
0,15,11,0,0,0,0,0,0,12,0,0,0,0,0,0,0,0,0,0,0,0,0,0,0
0,16,9,0,0,0,0,0,0,9,0,0,0,0,0,0,0,0,0,0,0,0,0,44,0
0,20,10,0,0,0,0,0,0,12,0,0,0,0,0,0,0,0,0,0,0,0,0,0,0
0,23,15,0,0,0,0,0,0,6,0,0,0,0,0,0,0,0,0,0,0,0,0,0,0
0,13,12,0,0,0,0,0,0,7,0,0,0,0,0,0,62,0,0,0,0,0,0,0,0
0,13,12,0,0,0,0,0,0,4,0,0,0,0,61,0,0,44,0,45,0,0,0,0,0
0,16,11,0,0,0,0,0,0,12,0,0,0,0,0,0,0,0,0,0,0,0,0,0,0
0,15,16,0,0,0,0,0,0,8,0,0,0,0,0,0,0,0,0,0,0,72,0,0,0
0,12,13,0,0,0,0,0,0,7,111,0,0,0,0,0,0,0,0,0,0,0,0,0,0
0,10,16,0,0,0,0,0,0,8,0,0,0,71,0,49,0,0,0,0,0,0,0,0,0
0,15,9,0,0,0,0,0,0,5,0,0,0,0,0,0,0,0,0,0,0,0,0,0,0
0,12,13,0,0,0,0,0,0,3,0,0,0,0,0,0,0,0,0,0,0,0,0,0,0
0,8,8,0,0,0,0,0,0,3,0,0,0,0,0,0,0,0,0,0,0,0,0,0,0
0,8,12,0,0,0,0,0,0,5,0,0,0,0,0,0,0,0,0,0,0,0,0,6,0
0,9,8,0,0,0,0,0,0,8,0,0,0,0,0,0,0,0,0,0,0,0,0,0,0
0,16,7,0,0,0,0,0,0,11,0,0,0,0,0,0,0,0,0,0,0,0,0,0,0
0,15,20,0,0,0,0,0,0,6,0,0,0,0,0,0,13,0,0,0,0,0,0,0,0
0,12,9,0,0,0,0,0,0,5,0,0,0,0,14,0,0,6,0,5,0,0,0,0,0
0,25,11,0,0,0,0,0,0,12,0,0,0,0,0,0,0,0,0,0,0,0,0,0,0
0,24,11,0,0,0,0,0,0,9,0,0,0,0,0,0,0,0,0,0,0,3,0,0,0
0,17,8,0,0,0,0,0,0,8,14,0,0,0,0,0,0,0,0,0,0,0,0,0,0
0,18,8,0,0,0,0,0,0,6,0,0,0,4,0,1,0,0,0,0,0,0,0,0,0
0,17,9,0,41,0,0,0,0,5,0,0,0,0,0,0,0,0,0,0,0,0,0,0,0
0,18,9,0,0,0,0,0,0,8,0,0,0,0,0,0,0,0,0,0,0,0,0,0,0
0,13,7,0,0,0,0,0,0,4,0,0,0,0,0,0,0,0,0,0,0,0,0,0,0
0,17,15,0,0,0,0,0,0,9,0,0,0,0,0,0,0,0,0,0,0,0,0,44,0
0,18,23,0,0,0,0,0,0,3,0,0,0,0,0,0,0,0,0,0,0,0,0,0,0
0,35,18,0,0,0,0,0,0,11,0,0,0,0,0,0,0,0,0,0,0,0,0,0,0
0,11,9,0,0,0,0,0,0,18,0,0,0,0,0,0,62,0,0,0,0,0,0,0,0
0,15,8,0,0,0,0,0,0,7,0,0,0,0,61,0,0,44,0,45,0,0,0,0,0
0,13,9,0,0,0,0,0,0,3,0,0,0,0,0,0,0,0,0,0,0,0,0,0,0
0,14,16,0,0,0,0,0,0,14,0,0,0,0,0,0,0,0,0,0,0,72,0,0,0
0,11,10,0,0,0,0,0,0,3,111,0,0,0,0,0,0,0,0,0,0,0,0,0,0
0,21,8,0,0,0,0,0,0,7,0,0,0,71,0,49,0,0,0,0,0,0,0,0,0
0,11,11,0,0,0,0,0,0,5,0,0,0,0,0,0,0,0,0,0,0,0,0,0,0
0,17,10,0,0,0,0,0,0,13,0,0,0,0,0,0,0,0,0,0,0,0,0,0,0
0,19,13,0,0,0,0,0,0,8,0,0,0,0,0,0,0,0,0,0,0,0,0,0,0
0,24,11,0,0,0,0,0,0,5,0,0,0,0,0,0,0,0,0,0,0,0,0,6,0
0,19,10,0,0,0,0,0,0,10,0,0,0,0,0,0,0,0,0,0,0,0,0,0,0
0,16,16,0,0,0,0,0,0,5,0,0,0,0,0,0,0,0,0,0,0,0,0,0,0
0,23,7,0,0,0,0,0,0,5,0,0,0,0,0,0,13,0,0,0,0,0,0,0,0
0,23,10,0,0,0,0,0,0,13,0,0,0,0,14,0,0,6,0,5,0,0,0,0,0
0,16,3,0,0,0,0,0,0,11,0,0,0,0,0,0,0,0,0,0,0,0,0,0,0
0,18,12,0,0,0,0,0,0,12,0,0,0,0,0,0,0,0,0,0,0,3,0,0,0
0,17,16,0,0,0,0,0,0,5,14,0,0,0,0,0,0,0,0,0,0,0,0,0,0
0,9,7,0,0,0,0,0,0,7,0,0,0,4,0,1,0,0,0,0,0,0,0,0,0
0,15,9,0,151,0,0,0,0,17,0,0,0,0,0,0,0,0,0,0,0,0,0,0,0
0,8,8,0,0,0,0,0,0,7,0,0,0,0,0,0,0,0,0,0,0,0,0,0,0
0,12,8,0,0,0,0,0,0,13,0,0,0,0,0,0,0,0,0,0,0,0,0,0,0
0,9,9,0,0,0,0,0,0,11,0,0,0,0,0,0,0,0,0,0,0,0,0,44,0
0,12,12,0,0,0,0,0,0,7,0,0,0,0,0,0,0,0,0,0,0,0,0,0,0
0,18,9,0,0,0,0,0,0,10,0,0,0,0,0,0,0,0,0,0,0,0,0,0,0
0,15,8,0,0,0,0,0,0,10,0,0,0,0,0,0,62,0,0,0,0,0,0,0,0
0,17,16,0,0,0,0,0,0,8,0,0,0,0,61,0,0,44,0,45,0,0,0,0,0
0,12,9,0,0,0,0,0,0,7,0,0,0,0,0,0,0,0,0,0,0,0,0,0,0
0,14,12,0,0,0,0,0,0,8,0,0,0,0,0,0,0,0,0,0,0,72,0,0,0
0,9,6,0,0,0,0,0,0,8,111,0,0,0,0,0,0,0,0,0,0,0,0,0,0
0,13,9,0,0,0,0,0,0,7,0,0,0,71,0,49,0,0,0,0,0,0,0,0,0
0,12,18,0,0,0,0,0,0,6,0,0,0,0,0,0,0,0,0,0,0,0,0,0,0
0,17,12,0,0,0,0,0,0,7,0,0,0,0,0,0,0,0,0,0,0,0,0,0,0
0,16,11,0,0,0,0,0,0,10,0,0,0,0,0,0,0,0,0,0,0,0,0,0,0
0,21,15,0,0,0,0,0,0,13,0,0,0,0,0,0,0,0,0,0,0,0,0,6,0
0,14,18,0,0,0,0,0,0,14,0,0,0,0,0,0,0,0,0,0,0,0,0,0,0
0,27,10,0,0,0,0,0,0,8,0,0,0,0,0,0,0,0,0,0,0,0,0,0,0
0,19,11,0,0,0,0,0,0,8,0,0,0,0,0,0,13,0,0,0,0,0,0,0,0
0,22,21,0,0,0,0,0,0,6,0,0,0,0,14,0,0,6,0,5,0,0,0,0,0
0,22,13,0,0,0,0,0,0,11,0,0,0,0,0,0,0,0,0,0,0,0,0,0,0
0,11,9,0,0,0,0,0,0,10,0,0,0,0,0,0,0,0,0,0,0,3,0,0,0
0,20,11,0,0,0,0,0,0,5,14,0,0,0,0,0,0,0,0,0,0,0,0,0,0
0,6,17,0,0,0,0,0,0,8,0,0,0,4,0,1,0,0,0,0,0,0,0,0,0
0,19,6,0,41,0,0,0,0,12,0,0,0,0,0,0,0,0,0,0,0,0,0,0,0
0,17,13,0,0,0,0,0,0,5,0,0,0,0,0,0,0,0,0,0,0,0,0,0,0
0,11,13,0,0,0,0,0,0,12,0,0,0,0,0,0,0,0,0,0,0,0,0,0,0
0,9,9,0,0,0,0,0,0,9,0,0,0,0,0,0,0,0,0,0,0,0,0,44,0
0,21,12,0,0,0,0,0,0,5,0,0,0,0,0,0,0,0,0,0,0,0,0,0,0
0,27,15,0,0,0,0,0,0,5,0,0,0,0,0,0,0,0,0,0,0,0,0,0,0
0,14,5,0,0,0,0,0,0,7,0,0,0,0,0,0,62,0,0,0,0,0,0,0,0
0,17,8,0,0,0,0,0,0,6,0,0,0,0,61,0,0,44,0,45,0,0,0,0,0
0,8,7,0,0,0,0,0,0,6,0,0,0,0,0,0,0,0,0,0,0,0,0,0,0
0,14,9,0,0,0,0,0,0,10,0,0,0,0,0,0,0,0,0,0,0,72,0,0,0
0,17,16,0,0,0,0,0,0,9,111,0,0,0,0,0,0,0,0,0,0,0,0,0,0
0,16,16,0,0,0,0,0,0,9,0,0,0,71,0,49,0,0,0,0,0,0,0,0,0
0,13,10,0,0,0,0,0,0,2,0,0,0,0,0,0,0,0,0,0,0,0,0,0,0
0,10,9,0,0,0,0,0,0,8,0,0,0,0,0,0,0,0,0,0,0,0,0,0,0
0,10,8,0,0,0,0,0,0,9,0,0,0,0,0,0,0,0,0,0,0,0,0,0,0
0,18,8,0,0,0,0,0,0,8,0,0,0,0,0,0,0,0,0,0,0,0,0,6,0
0,12,18,0,0,0,0,0,0,5,0,0,0,0,0,0,0,0,0,0,0,0,0,0,0
0,9,13,0,0,0,0,0,0,6,0,0,0,0,0,0,0,0,0,0,0,0,0,0,0
0,13,9,0,0,0,0,0,0,7,0,0,0,0,0,0,13,0,0,0,0,0,0,0,0
0,16,13,0,0,0,0,0,0,8,0,0,0,0,14,0,0,6,0,5,0,0,0,0,0
0,12,22,0,0,0,0,0,0,7,0,0,0,0,0,0,0,0,0,0,0,0,0,0,0
0,19,12,0,0,0,0,0,0,4,0,0,0,0,0,0,0,0,0,0,0,3,0,0,0
0,19,8,0,0,0,0,0,0,10,14,0,0,0,0,0,0,0,0,0,0,0,0,0,0
0,9,7,0,0,0,0,0,0,10,0,0,0,4,0,1,0,0,0,0,0,0,0,0,0
0,16,16,0,151,0,0,0,0,12,0,0,0,0,0,0,0,0,0,0,0,0,0,0,0
0,10,4,0,0,0,0,0,0,5,0,0,0,0,0,0,0,0,0,0,0,0,0,0,0
0,11,4,0,0,0,0,0,0,11,0,0,0,0,0,0,0,0,0,0,0,0,0,0,0
0,17,15,0,0,0,0,0,0,10,0,0,0,0,0,0,0,0,0,0,0,0,0,44,0
0,12,15,0,0,0,0,0,0,8,0,0,0,0,0,0,0,0,0,0,0,0,0,0,0
0,22,16,0,0,0,0,0,0,5,0,0,0,0,0,0,0,0,0,0,0,0,0,0,0
0,25,13,0,0,0,0,0,0,11,0,0,0,0,0,0,62,0,0,0,0,0,0,0,0
0,19,12,0,0,0,0,0,0,15,0,0,0,0,61,0,0,44,0,45,0,0,0,0,0
0,15,18,0,0,0,0,0,0,8,0,0,0,0,0,0,0,0,0,0,0,0,0,0,0
0,15,14,0,0,0,0,0,0,9,0,0,0,0,0,0,0,0,0,0,0,72,0,0,0
0,16,10,0,0,0,0,0,0,5,111,0,0,0,0,0,0,0,0,0,0,0,0,0,0
0,18,5,0,0,0,0,0,0,11,0,0,0,71,0,49,0,0,0,0,0,0,0,0,0
0,19,8,0,0,0,0,0,0,5,0,0,0,0,0,0,0,0,0,0,0,0,0,0,0
0,15,5,0,0,0,0,0,0,15,0,0,0,0,0,0,0,0,0,0,0,0,0,0,0
0,10,17,0,0,0,0,0,0,12,0,0,0,0,0,0,0,0,0,0,0,0,0,0,0
0,16,5,0,0,0,0,0,0,8,0,0,0,0,0,0,0,0,0,0,0,0,0,6,0
0,19,14,0,0,0,0,0,0,9,0,0,0,0,0,0,0,0,0,0,0,0,0,0,0
0,16,12,0,0,0,0,0,0,6,0,0,0,0,0,0,0,0,0,0,0,0,0,0,0
0,7,10,0,0,0,0,0,0,9,0,0,0,0,0,0,13,0,0,0,0,0,0,0,0
0,22,14,0,0,0,0,0,0,7,0,0,0,0,14,0,0,6,0,5,0,0,0,0,0
0,22,21,0,0,0,0,0,0,10,0,0,0,0,0,0,0,0,0,0,0,0,0,0,0
0,17,16,0,0,0,0,0,0,4,0,0,0,0,0,0,0,0,0,0,0,3,0,0,0
0,20,20,0,0,0,0,0,0,5,14,0,0,0,0,0,0,0,0,0,0,0,0,0,0
0,22,13,0,0,0,0,0,0,2,0,0,0,4,0,1,0,0,0,0,0,0,0,0,0
0,16,7,0,41,0,0,0,0,2,0,0,0,0,0,0,0,0,0,0,0,0,0,0,0
0,16,4,0,0,0,0,0,0,6,0,0,0,0,0,0,0,0,0,0,0,0,0,0,0
0,13,9,0,0,0,0,0,0,9,0,0,0,0,0,0,0,0,0,0,0,0,0,0,0
0,19,11,0,0,0,0,0,0,8,0,0,0,0,0,0,0,0,0,0,0,0,0,44,0
0,9,15,0,0,0,0,0,0,10,0,0,0,0,0,0,0,0,0,0,0,0,0,0,0
0,30,11,0,0,0,0,0,0,7,0,0,0,0,0,0,0,0,0,0,0,0,0,0,0
0,11,8,0,0,0,0,0,0,10,0,0,0,0,0,0,62,0,0,0,0,0,0,0,0
0,6,4,0,0,0,0,0,0,5,0,0,0,0,61,0,0,44,0,45,0,0,0,0,0
0,16,4,0,0,0,0,0,0,10,0,0,0,0,0,0,0,0,0,0,0,0,0,0,0
0,9,4,0,0,0,0,0,0,4,0,0,0,0,0,0,0,0,0,0,0,72,0,0,0
0,11,4,0,0,0,0,0,0,6,111,0,0,0,0,0,0,0,0,0,0,0,0,0,0
0,8,8,0,0,0,0,0,0,14,0,0,0,71,0,49,0,0,0,0,0,0,0,0,0
0,12,20,0,0,0,0,0,0,9,0,0,0,0,0,0,0,0,0,0,0,0,0,0,0
0,9,14,0,0,0,0,0,0,9,0,0,0,0,0,0,0,0,0,0,0,0,0,0,0
0,21,14,0,0,0,0,0,0,9,0,0,0,0,0,0,0,0,0,0,0,0,0,0,0
0,25,15,0,0,0,0,0,0,6,0,0,0,0,0,0,0,0,0,0,0,0,0,6,0
0,20,14,0,0,0,0,0,0,12,0,0,0,0,0,0,0,0,0,0,0,0,0,0,0
0,18,16,0,0,0,0,0,0,8,0,0,0,0,0,0,0,0,0,0,0,0,0,0,0
0,19,15,0,0,0,0,0,0,8,0,0,0,0,0,0,13,0,0,0,0,0,0,0,0
0,10,11,0,0,0,0,0,0,14,0,0,0,0,14,0,0,6,0,5,0,0,0,0,0
0,17,14,0,0,0,0,0,0,9,0,0,0,0,0,0,0,0,0,0,0,0,0,0,0
0,29,13,0,0,0,0,0,0,11,0,0,0,0,0,0,0,0,0,0,0,3,0,0,0
0,7,11,0,0,0,0,0,0,6,14,0,0,0,0,0,0,0,0,0,0,0,0,0,0
0,12,6,0,0,0,0,0,0,5,0,0,0,4,0,1,0,0,0,0,0,0,0,0,0
0,16,10,0,151,0,0,0,0,7,0,0,0,0,0,0,0,0,0,0,0,0,0,0,0
0,8,12,0,0,0,0,0,0,4,0,0,0,0,0,0,0,0,0,0,0,0,0,0,0
0,7,14,0,0,0,0,0,0,0,0,0,0,0,0,0,0,0,0,0,0,0,0,0,0
0,7,14,0,0,0,0,0,0,9,0,0,0,0,0,0,0,0,0,0,0,0,0,44,0
0,11,11,0,0,0,0,0,0,12,0,0,0,0,0,0,0,0,0,0,0,0,0,0,0
0,13,14,0,0,0,0,0,0,3,0,0,0,0,0,0,0,0,0,0,0,0,0,0,0
0,10,11,0,0,0,0,0,0,9,0,0,0,0,0,0,62,0,0,0,0,0,0,0,0
0,8,6,0,0,0,0,0,0,10,0,0,0,0,61,0,0,44,0,45,0,0,0,0,0
0,8,15,0,0,0,0,0,0,3,0,0,0,0,0,0,0,0,0,0,0,0,0,0,0
0,12,10,0,0,0,0,0,0,8,0,0,0,0,0,0,0,0,0,0,0,72,0,0,0
0,15,5,0,0,0,0,0,0,5,111,0,0,0,0,0,0,0,0,0,0,0,0,0,0
0,12,5,0,0,0,0,0,0,13,0,0,0,71,0,49,0,0,0,0,0,0,0,0,0
0,18,22,0,0,0,0,0,0,6,0,0,0,0,0,0,0,0,0,0,0,0,0,0,0
0,17,10,0,0,0,0,0,0,7,0,0,0,0,0,0,0,0,0,0,0,0,0,0,0
0,15,15,0,0,0,0,0,0,7,0,0,0,0,0,0,0,0,0,0,0,0,0,0,0
0,26,12,0,0,0,0,0,0,6,0,0,0,0,0,0,0,0,0,0,0,0,0,6,0
0,16,10,0,0,0,0,0,0,11,0,0,0,0,0,0,0,0,0,0,0,0,0,0,0
0,12,18,0,0,0,0,0,0,13,0,0,0,0,0,0,0,0,0,0,0,0,0,0,0
0,15,16,0,0,0,0,0,0,7,0,0,0,0,0,0,13,0,0,0,0,0,0,0,0
0,12,18,0,0,0,0,0,0,5,0,0,0,0,14,0,0,6,0,5,0,0,0,0,0
0,15,9,0,0,0,0,0,0,4,0,0,0,0,0,0,0,0,0,0,0,0,0,0,0
0,19,8,0,0,0,0,0,0,10,0,0,0,0,0,0,0,0,0,0,0,3,0,0,0
0,11,12,0,0,0,0,0,0,3,14,0,0,0,0,0,0,0,0,0,0,0,0,0,0
0,13,12,0,0,0,0,0,0,6,0,0,0,4,0,1,0,0,0,0,0,0,0,0,0
0,26,10,0,41,0,0,0,0,4,0,0,0,0,0,0,0,0,0,0,0,0,0,0,0
0,18,13,0,0,0,0,0,0,9,0,0,0,0,0,0,0,0,0,0,0,0,0,0,0
0,19,7,0,0,0,0,0,0,10,0,0,0,0,0,0,0,0,0,0,0,0,0,0,0
0,17,16,0,0,0,0,0,0,7,0,0,0,0,0,0,0,0,0,0,0,0,0,44,0
0,15,7,0,0,0,0,0,0,3,0,0,0,0,0,0,0,0,0,0,0,0,0,0,0
0,33,9,0,0,0,0,0,0,7,0,0,0,0,0,0,0,0,0,0,0,0,0,0,0
0,21,11,0,0,0,0,0,0,10,0,0,0,0,0,0,62,0,0,0,0,0,0,0,0
0,19,12,0,0,0,0,0,0,11,0,0,0,0,61,0,0,44,0,45,0,0,0,0,0
0,16,12,0,0,0,0,0,0,5,0,0,0,0,0,0,0,0,0,0,0,0,0,0,0
0,10,10,0,0,0,0,0,0,11,0,0,0,0,0,0,0,0,0,0,0,72,0,0,0
0,15,18,0,0,0,0,0,0,5,111,0,0,0,0,0,0,0,0,0,0,0,0,0,0
0,18,11,0,0,0,0,0,0,5,0,0,0,71,0,49,0,0,0,0,0,0,0,0,0
0,5,8,0,0,0,0,0,0,5,0,0,0,0,0,0,0,0,0,0,0,0,0,0,0
0,20,9,0,0,0,0,0,0,14,0,0,0,0,0,0,0,0,0,0,0,0,0,0,0
0,12,13,0,0,0,0,0,0,8,0,0,0,0,0,0,0,0,0,0,0,0,0,0,0
0,9,10,0,0,0,0,0,0,3,0,0,0,0,0,0,0,0,0,0,0,0,0,6,0
